Workbook
Name CreditosT: Datos!$B$22:$D$29

Sheet Datos
B1: SISTEMA DE EVALUACIÓN CREDITICIA
B2: Módulo de Capacidad y Deducciones
B4: 👤 DATOS GENERALES DEL CLIENTE
B5: Nombre Completo | C5: Raul Cores
B6: Sexo | C6: Masculino
B7: Cédula | C7: 0-0-0
B8: Fecha de Nacimiento | C8: 36869
B9: Tipo de Entidad | C9: Público
B10: Nombre de Empresa | C10: ABCDE
B11: Fecha de Ingreso | C11: 43431
B12: Sector Económico | C12: ABCDE
B13: Años de Servicio (calculado) | C13: =DATEDIF(C11,TODAY(),"Y")&" años y "&DATEDIF(C11,TODAY(),"YM")&" meses" -> 7 años y 4 meses
B14: Años para Jubilación (62 años) | C14: =MAX(0, 62 - DATEDIF(C8,TODAY(),"Y")) -> 37
B16: 💰 CAPACIDAD Y DEDUCCIONES | G16: Calculo de Capacidad legal
B17: Concepto | C17: Monto (B/.) | D17: Tipo | G17: =IF(OR($C$9="Público",$C$9="CSS Empleado"),"Ahorro 75%","Ahorro 50%") -> Ahorro 75% | H17: =IF(OR($C$9="Público",$C$9="CSS Empleado"),(C18*75%),(C18*50%)) -> 2250 | I17: =+H17-C30 -> 237
B18: Ingreso Bruto Mensual | C18: 3000 | D18: Ingreso | G18: =IF(OR($C$9="Público",$C$9="CSS Empleado"),"Préstamo 35%",IF(C9="Privada","Ahorro 20%","")) -> Préstamo 35% | H18: =IF(OR($C$9="Público",$C$9="CSS Empleado"),(C18*35%),IF(C9="Privada",C18*20%,"")) -> 1050 | I18: {=IFERROR(H18-(SUM(_xlfn.CHOOSECOLS(_xlfn._xlws.FILTER(B18:D29,B18:B29="Préstamo"),2))),"")} -> 850
B19: ISR | C19: =IF((C18*13)<11000,0,IF(AND((C18*13)>11001,(C18*13)<50000),C18*15%,18*25%)) -> 450 | D19: Deducción
B20: ISS (Caja de Seguro) | C20: =C18*9.75% -> 292.5 | D20: Deducción | G20: Cantidad a utlizar para Préstamo | H20: =MIN(I17:I18) -> 237
B21: ISE (Seguro Educativo) | C21: =C18*1.25% -> 37.5 | D21: Deducción
B22: Ahorro | C22: 23 | D22: Deducción
B23: Préstamo | C23: 80 | D23: Deducción | G23: 📐 RATIOS FINANCIEROS
B24: Préstamo | C24: 120 | D24: Deducción | G24: Indicador | H24: Valor | I24: Estado
B25: Ahorro | C25: 10 | D25: Deducción | G25: Ratio de Endeudamiento (Ded/Bruto) | H25: =C30/C18 -> 0.671 | I25: =IF(H25<0.5,"✅ Saludable (<50%)","⚠️ Elevado (>50%)") -> ⚠️ Elevado (>50%)
B26: Ahorro | C26: 1000 | G26: Liquidez (Neto/Bruto) | H26: =C31/C18 -> 0.329 | I26: =IF(H26>0.3,"✅ Buena (>30%)","⚠️ Ajustada (<30%)") -> ✅ Buena (>30%)
G27: Ahorro sobre Ingreso | H27: {=SUM(_xlfn.CHOOSECOLS(_xlfn._xlws.FILTER(B18:D29,B18:B29="Ahorro"),2))/C18} -> 0.34433333 | I27: =IF(H27>0.05,"✅ Buen Ahorro (>5%)","⚠️ Bajo Ahorro") -> ✅ Buen Ahorro (>5%)
G28: Deuda sobre Ingreso (DTI) | H28: {=SUM(_xlfn.CHOOSECOLS(_xlfn._xlws.FILTER(B18:D29,B18:B29="Préstamo"),2))/C18} -> 0.066666667 | I28: =IF(H28<0.36,"✅ Aceptable (<36%)","⚠️ Alto (>36%)") -> ✅ Aceptable (<36%)
B30: TOTAL DEDUCCIONES | C30: =SUM(C19:C29) -> 2013
B31: INGRESO NETO MENSUAL | C31: =C18-C30 -> 987

Sheet Historial Crediticio
B1: HISTORIAL CREDITICIO — EVALUACIÓN DE 12 MESES
B2: Haga clic en las celdas de marca (1-9) para editar. 1=Al día … 9=Pérdida/Castigo
B4: Producto | C4: M1 | D4: M2 | E4: M3 | F4: M4 | G4: M5 | H4: M6 | I4: M7 | J4: M8 | K4: M9 | L4: M10 | M4: M11 | N4: M12 | O4: Peor Marca | P4: % Score Promedio | Q4: Tend. Mejora
B5: Tarjeta de crédito | C5: 1 | D5: 2 | E5: 1 | F5: 1 | G5: 1 | H5: 1 | I5: 1 | J5: 1 | K5: 1 | L5: 2 | M5: 1 | N5: 1 | O5: =IF(MAX(C5:N5)=0,"—",MAX(C5:N5)) -> 2 | P5: =IF(COUNTA(C5:N5)=0,"—",AVERAGE(IFERROR(VLOOKUP(C5,PARAMETROS!$A$3:$B$11,2,FALSE()),0),IFERROR(VLOOKUP(D5,PARAMETROS!$A$3:$B$11,2,FALSE()),0),IFERROR(VLOOKUP(E5,PARAMETROS!$A$3:$B$11,2,FALSE()),0),IFERROR(VLOOKUP(F5,PARAMETROS!$A$3:$B$11,2,FALSE()),0),IFERROR(VLOOKUP(G5,PARAMETROS!$A$3:$B$11,2,FALSE()),0),IFERROR(VLOOKUP(H5,PARAMETROS!$A$3:$B$11,2,FALSE()),0),IFERROR(VLOOKUP(I5,PARAMETROS!$A$3:$B$11,2,FALSE()),0),IFERROR(VLOOKUP(J5,PARAMETROS!$A$3:$B$11,2,FALSE()),0),IFERROR(VLOOKUP(K5,PARAMETROS!$A$3:$B$11,2,FALSE()),0),IFERROR(VLOOKUP(L5,PARAMETROS!$A$3:$B$11,2,FALSE()),0),IFERROR(VLOOKUP(M5,PARAMETROS!$A$3:$B$11,2,FALSE()),0),IFERROR(VLOOKUP(N5,PARAMETROS!$A$3:$B$11,2,FALSE()),0))) -> 96.666667 | Q5: =IF(COUNTA(C5:N5)=0,"—",(AVERAGE(IFERROR(VLOOKUP(L5,PARAMETROS!$A$3:$B$11,2,0),0),IFERROR(VLOOKUP(M5,PARAMETROS!$A$3:$B$11,2,0),0),IFERROR(VLOOKUP(N5,PARAMETROS!$A$3:$B$11,2,0),0))/MAX(1,AVERAGE(IFERROR(VLOOKUP(C5,PARAMETROS!$A$3:$B$11,2,0),0),IFERROR(VLOOKUP(D5,PARAMETROS!$A$3:$B$11,2,0),0),IFERROR(VLOOKUP(E5,PARAMETROS!$A$3:$B$11,2,0),0)))*50+50)) -> 100
B6: Automovil | C6: 1 | D6: 2 | E6: 1 | F6: 1 | G6: 1 | H6: 1 | I6: 1 | J6: 1 | K6: 1 | L6: 1 | M6: 1 | N6: 1 | O6: =IF(MAX(C6:N6)=0,"—",MAX(C6:N6)) -> 2 | P6: =IF(COUNTA(C6:N6)=0,"—",AVERAGE(IFERROR(VLOOKUP(C6,PARAMETROS!$A$3:$B$11,2,FALSE()),0),IFERROR(VLOOKUP(D6,PARAMETROS!$A$3:$B$11,2,FALSE()),0),IFERROR(VLOOKUP(E6,PARAMETROS!$A$3:$B$11,2,FALSE()),0),IFERROR(VLOOKUP(F6,PARAMETROS!$A$3:$B$11,2,FALSE()),0),IFERROR(VLOOKUP(G6,PARAMETROS!$A$3:$B$11,2,FALSE()),0),IFERROR(VLOOKUP(H6,PARAMETROS!$A$3:$B$11,2,FALSE()),0),IFERROR(VLOOKUP(I6,PARAMETROS!$A$3:$B$11,2,FALSE()),0),IFERROR(VLOOKUP(J6,PARAMETROS!$A$3:$B$11,2,FALSE()),0),IFERROR(VLOOKUP(K6,PARAMETROS!$A$3:$B$11,2,FALSE()),0),IFERROR(VLOOKUP(L6,PARAMETROS!$A$3:$B$11,2,FALSE()),0),IFERROR(VLOOKUP(M6,PARAMETROS!$A$3:$B$11,2,FALSE()),0),IFERROR(VLOOKUP(N6,PARAMETROS!$A$3:$B$11,2,FALSE()),0))) -> 98.333333 | Q6: =IF(COUNTA(C6:N6)=0,"—",(AVERAGE(IFERROR(VLOOKUP(L6,PARAMETROS!$A$3:$B$11,2,0),0),IFERROR(VLOOKUP(M6,PARAMETROS!$A$3:$B$11,2,0),0),IFERROR(VLOOKUP(N6,PARAMETROS!$A$3:$B$11,2,0),0))/MAX(1,AVERAGE(IFERROR(VLOOKUP(C6,PARAMETROS!$A$3:$B$11,2,0),0),IFERROR(VLOOKUP(D6,PARAMETROS!$A$3:$B$11,2,0),0),IFERROR(VLOOKUP(E6,PARAMETROS!$A$3:$B$11,2,0),0)))*50+50)) -> 103.57143
B7: Personal | C7: 1 | D7: 1 | E7: 1 | F7: 1 | G7: 1 | H7: 1 | I7: 1 | J7: 1 | K7: 1 | L7: 1 | M7: 1 | N7: 1 | O7: =IF(MAX(C7:N7)=0,"—",MAX(C7:N7)) -> 1 | P7: =IF(COUNTA(C7:N7)=0,"—",AVERAGE(IFERROR(VLOOKUP(C7,PARAMETROS!$A$3:$B$11,2,FALSE()),0),IFERROR(VLOOKUP(D7,PARAMETROS!$A$3:$B$11,2,FALSE()),0),IFERROR(VLOOKUP(E7,PARAMETROS!$A$3:$B$11,2,FALSE()),0),IFERROR(VLOOKUP(F7,PARAMETROS!$A$3:$B$11,2,FALSE()),0),IFERROR(VLOOKUP(G7,PARAMETROS!$A$3:$B$11,2,FALSE()),0),IFERROR(VLOOKUP(H7,PARAMETROS!$A$3:$B$11,2,FALSE()),0),IFERROR(VLOOKUP(I7,PARAMETROS!$A$3:$B$11,2,FALSE()),0),IFERROR(VLOOKUP(J7,PARAMETROS!$A$3:$B$11,2,FALSE()),0),IFERROR(VLOOKUP(K7,PARAMETROS!$A$3:$B$11,2,FALSE()),0),IFERROR(VLOOKUP(L7,PARAMETROS!$A$3:$B$11,2,FALSE()),0),IFERROR(VLOOKUP(M7,PARAMETROS!$A$3:$B$11,2,FALSE()),0),IFERROR(VLOOKUP(N7,PARAMETROS!$A$3:$B$11,2,FALSE()),0))) -> 100 | Q7: =IF(COUNTA(C7:N7)=0,"—",(AVERAGE(IFERROR(VLOOKUP(L7,PARAMETROS!$A$3:$B$11,2,0),0),IFERROR(VLOOKUP(M7,PARAMETROS!$A$3:$B$11,2,0),0),IFERROR(VLOOKUP(N7,PARAMETROS!$A$3:$B$11,2,0),0))/MAX(1,AVERAGE(IFERROR(VLOOKUP(C7,PARAMETROS!$A$3:$B$11,2,0),0),IFERROR(VLOOKUP(D7,PARAMETROS!$A$3:$B$11,2,0),0),IFERROR(VLOOKUP(E7,PARAMETROS!$A$3:$B$11,2,0),0)))*50+50)) -> 100
B8: Personal | C8: 1 | D8: 1 | E8: 1 | F8: 1 | G8: 1 | H8: 9 | I8: 9 | J8: 1 | K8: 1 | L8: 1 | M8: 1 | N8: 1 | O8: =IF(MAX(C8:N8)=0,"—",MAX(C8:N8)) -> 9 | P8: =IF(COUNTA(C8:N8)=0,"—",AVERAGE(IFERROR(VLOOKUP(C8,PARAMETROS!$A$3:$B$11,2,FALSE()),0),IFERROR(VLOOKUP(D8,PARAMETROS!$A$3:$B$11,2,FALSE()),0),IFERROR(VLOOKUP(E8,PARAMETROS!$A$3:$B$11,2,FALSE()),0),IFERROR(VLOOKUP(F8,PARAMETROS!$A$3:$B$11,2,FALSE()),0),IFERROR(VLOOKUP(G8,PARAMETROS!$A$3:$B$11,2,FALSE()),0),IFERROR(VLOOKUP(H8,PARAMETROS!$A$3:$B$11,2,FALSE()),0),IFERROR(VLOOKUP(I8,PARAMETROS!$A$3:$B$11,2,FALSE()),0),IFERROR(VLOOKUP(J8,PARAMETROS!$A$3:$B$11,2,FALSE()),0),IFERROR(VLOOKUP(K8,PARAMETROS!$A$3:$B$11,2,FALSE()),0),IFERROR(VLOOKUP(L8,PARAMETROS!$A$3:$B$11,2,FALSE()),0),IFERROR(VLOOKUP(M8,PARAMETROS!$A$3:$B$11,2,FALSE()),0),IFERROR(VLOOKUP(N8,PARAMETROS!$A$3:$B$11,2,FALSE()),0))) -> 83.333333 | Q8: =IF(COUNTA(C8:N8)=0,"—",(AVERAGE(IFERROR(VLOOKUP(L8,PARAMETROS!$A$3:$B$11,2,0),0),IFERROR(VLOOKUP(M8,PARAMETROS!$A$3:$B$11,2,0),0),IFERROR(VLOOKUP(N8,PARAMETROS!$A$3:$B$11,2,0),0))/MAX(1,AVERAGE(IFERROR(VLOOKUP(C8,PARAMETROS!$A$3:$B$11,2,0),0),IFERROR(VLOOKUP(D8,PARAMETROS!$A$3:$B$11,2,0),0),IFERROR(VLOOKUP(E8,PARAMETROS!$A$3:$B$11,2,0),0)))*50+50)) -> 100
O9: =IF(MAX(C9:N9)=0,"—",MAX(C9:N9)) -> — | P9: =IF(COUNTA(C9:N9)=0,"—",AVERAGE(IFERROR(VLOOKUP(C9,PARAMETROS!$A$3:$B$11,2,FALSE()),0),IFERROR(VLOOKUP(D9,PARAMETROS!$A$3:$B$11,2,FALSE()),0),IFERROR(VLOOKUP(E9,PARAMETROS!$A$3:$B$11,2,FALSE()),0),IFERROR(VLOOKUP(F9,PARAMETROS!$A$3:$B$11,2,FALSE()),0),IFERROR(VLOOKUP(G9,PARAMETROS!$A$3:$B$11,2,FALSE()),0),IFERROR(VLOOKUP(H9,PARAMETROS!$A$3:$B$11,2,FALSE()),0),IFERROR(VLOOKUP(I9,PARAMETROS!$A$3:$B$11,2,FALSE()),0),IFERROR(VLOOKUP(J9,PARAMETROS!$A$3:$B$11,2,FALSE()),0),IFERROR(VLOOKUP(K9,PARAMETROS!$A$3:$B$11,2,FALSE()),0),IFERROR(VLOOKUP(L9,PARAMETROS!$A$3:$B$11,2,FALSE()),0),IFERROR(VLOOKUP(M9,PARAMETROS!$A$3:$B$11,2,FALSE()),0),IFERROR(VLOOKUP(N9,PARAMETROS!$A$3:$B$11,2,FALSE()),0))) -> — | Q9: =IF(COUNTA(C9:N9)=0,"—",(AVERAGE(IFERROR(VLOOKUP(L9,PARAMETROS!$A$3:$B$11,2,0),0),IFERROR(VLOOKUP(M9,PARAMETROS!$A$3:$B$11,2,0),0),IFERROR(VLOOKUP(N9,PARAMETROS!$A$3:$B$11,2,0),0))/MAX(1,AVERAGE(IFERROR(VLOOKUP(C9,PARAMETROS!$A$3:$B$11,2,0),0),IFERROR(VLOOKUP(D9,PARAMETROS!$A$3:$B$11,2,0),0),IFERROR(VLOOKUP(E9,PARAMETROS!$A$3:$B$11,2,0),0)))*50+50)) -> —
O10: =IF(MAX(C10:N10)=0,"—",MAX(C10:N10)) -> — | P10: =IF(COUNTA(C10:N10)=0,"—",AVERAGE(IFERROR(VLOOKUP(C10,PARAMETROS!$A$3:$B$11,2,FALSE()),0),IFERROR(VLOOKUP(D10,PARAMETROS!$A$3:$B$11,2,FALSE()),0),IFERROR(VLOOKUP(E10,PARAMETROS!$A$3:$B$11,2,FALSE()),0),IFERROR(VLOOKUP(F10,PARAMETROS!$A$3:$B$11,2,FALSE()),0),IFERROR(VLOOKUP(G10,PARAMETROS!$A$3:$B$11,2,FALSE()),0),IFERROR(VLOOKUP(H10,PARAMETROS!$A$3:$B$11,2,FALSE()),0),IFERROR(VLOOKUP(I10,PARAMETROS!$A$3:$B$11,2,FALSE()),0),IFERROR(VLOOKUP(J10,PARAMETROS!$A$3:$B$11,2,FALSE()),0),IFERROR(VLOOKUP(K10,PARAMETROS!$A$3:$B$11,2,FALSE()),0),IFERROR(VLOOKUP(L10,PARAMETROS!$A$3:$B$11,2,FALSE()),0),IFERROR(VLOOKUP(M10,PARAMETROS!$A$3:$B$11,2,FALSE()),0),IFERROR(VLOOKUP(N10,PARAMETROS!$A$3:$B$11,2,FALSE()),0))) -> — | Q10: =IF(COUNTA(C10:N10)=0,"—",(AVERAGE(IFERROR(VLOOKUP(L10,PARAMETROS!$A$3:$B$11,2,0),0),IFERROR(VLOOKUP(M10,PARAMETROS!$A$3:$B$11,2,0),0),IFERROR(VLOOKUP(N10,PARAMETROS!$A$3:$B$11,2,0),0))/MAX(1,AVERAGE(IFERROR(VLOOKUP(C10,PARAMETROS!$A$3:$B$11,2,0),0),IFERROR(VLOOKUP(D10,PARAMETROS!$A$3:$B$11,2,0),0),IFERROR(VLOOKUP(E10,PARAMETROS!$A$3:$B$11,2,0),0)))*50+50)) -> —
O11: =IF(MAX(C11:N11)=0,"—",MAX(C11:N11)) -> — | P11: =IF(COUNTA(C11:N11)=0,"—",AVERAGE(IFERROR(VLOOKUP(C11,PARAMETROS!$A$3:$B$11,2,FALSE()),0),IFERROR(VLOOKUP(D11,PARAMETROS!$A$3:$B$11,2,FALSE()),0),IFERROR(VLOOKUP(E11,PARAMETROS!$A$3:$B$11,2,FALSE()),0),IFERROR(VLOOKUP(F11,PARAMETROS!$A$3:$B$11,2,FALSE()),0),IFERROR(VLOOKUP(G11,PARAMETROS!$A$3:$B$11,2,FALSE()),0),IFERROR(VLOOKUP(H11,PARAMETROS!$A$3:$B$11,2,FALSE()),0),IFERROR(VLOOKUP(I11,PARAMETROS!$A$3:$B$11,2,FALSE()),0),IFERROR(VLOOKUP(J11,PARAMETROS!$A$3:$B$11,2,FALSE()),0),IFERROR(VLOOKUP(K11,PARAMETROS!$A$3:$B$11,2,FALSE()),0),IFERROR(VLOOKUP(L11,PARAMETROS!$A$3:$B$11,2,FALSE()),0),IFERROR(VLOOKUP(M11,PARAMETROS!$A$3:$B$11,2,FALSE()),0),IFERROR(VLOOKUP(N11,PARAMETROS!$A$3:$B$11,2,FALSE()),0))) -> — | Q11: =IF(COUNTA(C11:N11)=0,"—",(AVERAGE(IFERROR(VLOOKUP(L11,PARAMETROS!$A$3:$B$11,2,0),0),IFERROR(VLOOKUP(M11,PARAMETROS!$A$3:$B$11,2,0),0),IFERROR(VLOOKUP(N11,PARAMETROS!$A$3:$B$11,2,0),0))/MAX(1,AVERAGE(IFERROR(VLOOKUP(C11,PARAMETROS!$A$3:$B$11,2,0),0),IFERROR(VLOOKUP(D11,PARAMETROS!$A$3:$B$11,2,0),0),IFERROR(VLOOKUP(E11,PARAMETROS!$A$3:$B$11,2,0),0)))*50+50)) -> —
O12: =IF(MAX(C12:N12)=0,"—",MAX(C12:N12)) -> — | P12: =IF(COUNTA(C12:N12)=0,"—",AVERAGE(IFERROR(VLOOKUP(C12,PARAMETROS!$A$3:$B$11,2,FALSE()),0),IFERROR(VLOOKUP(D12,PARAMETROS!$A$3:$B$11,2,FALSE()),0),IFERROR(VLOOKUP(E12,PARAMETROS!$A$3:$B$11,2,FALSE()),0),IFERROR(VLOOKUP(F12,PARAMETROS!$A$3:$B$11,2,FALSE()),0),IFERROR(VLOOKUP(G12,PARAMETROS!$A$3:$B$11,2,FALSE()),0),IFERROR(VLOOKUP(H12,PARAMETROS!$A$3:$B$11,2,FALSE()),0),IFERROR(VLOOKUP(I12,PARAMETROS!$A$3:$B$11,2,FALSE()),0),IFERROR(VLOOKUP(J12,PARAMETROS!$A$3:$B$11,2,FALSE()),0),IFERROR(VLOOKUP(K12,PARAMETROS!$A$3:$B$11,2,FALSE()),0),IFERROR(VLOOKUP(L12,PARAMETROS!$A$3:$B$11,2,FALSE()),0),IFERROR(VLOOKUP(M12,PARAMETROS!$A$3:$B$11,2,FALSE()),0),IFERROR(VLOOKUP(N12,PARAMETROS!$A$3:$B$11,2,FALSE()),0))) -> — | Q12: =IF(COUNTA(C12:N12)=0,"—",(AVERAGE(IFERROR(VLOOKUP(L12,PARAMETROS!$A$3:$B$11,2,0),0),IFERROR(VLOOKUP(M12,PARAMETROS!$A$3:$B$11,2,0),0),IFERROR(VLOOKUP(N12,PARAMETROS!$A$3:$B$11,2,0),0))/MAX(1,AVERAGE(IFERROR(VLOOKUP(C12,PARAMETROS!$A$3:$B$11,2,0),0),IFERROR(VLOOKUP(D12,PARAMETROS!$A$3:$B$11,2,0),0),IFERROR(VLOOKUP(E12,PARAMETROS!$A$3:$B$11,2,0),0)))*50+50)) -> —
O13: =IF(MAX(C13:N13)=0,"—",MAX(C13:N13)) -> — | P13: =IF(COUNTA(C13:N13)=0,"—",AVERAGE(IFERROR(VLOOKUP(C13,PARAMETROS!$A$3:$B$11,2,FALSE()),0),IFERROR(VLOOKUP(D13,PARAMETROS!$A$3:$B$11,2,FALSE()),0),IFERROR(VLOOKUP(E13,PARAMETROS!$A$3:$B$11,2,FALSE()),0),IFERROR(VLOOKUP(F13,PARAMETROS!$A$3:$B$11,2,FALSE()),0),IFERROR(VLOOKUP(G13,PARAMETROS!$A$3:$B$11,2,FALSE()),0),IFERROR(VLOOKUP(H13,PARAMETROS!$A$3:$B$11,2,FALSE()),0),IFERROR(VLOOKUP(I13,PARAMETROS!$A$3:$B$11,2,FALSE()),0),IFERROR(VLOOKUP(J13,PARAMETROS!$A$3:$B$11,2,FALSE()),0),IFERROR(VLOOKUP(K13,PARAMETROS!$A$3:$B$11,2,FALSE()),0),IFERROR(VLOOKUP(L13,PARAMETROS!$A$3:$B$11,2,FALSE()),0),IFERROR(VLOOKUP(M13,PARAMETROS!$A$3:$B$11,2,FALSE()),0),IFERROR(VLOOKUP(N13,PARAMETROS!$A$3:$B$11,2,FALSE()),0))) -> — | Q13: =IF(COUNTA(C13:N13)=0,"—",(AVERAGE(IFERROR(VLOOKUP(L13,PARAMETROS!$A$3:$B$11,2,0),0),IFERROR(VLOOKUP(M13,PARAMETROS!$A$3:$B$11,2,0),0),IFERROR(VLOOKUP(N13,PARAMETROS!$A$3:$B$11,2,0),0))/MAX(1,AVERAGE(IFERROR(VLOOKUP(C13,PARAMETROS!$A$3:$B$11,2,0),0),IFERROR(VLOOKUP(D13,PARAMETROS!$A$3:$B$11,2,0),0),IFERROR(VLOOKUP(E13,PARAMETROS!$A$3:$B$11,2,0),0)))*50+50)) -> —
O14: =IF(MAX(C14:N14)=0,"—",MAX(C14:N14)) -> — | P14: =IF(COUNTA(C14:N14)=0,"—",AVERAGE(IFERROR(VLOOKUP(C14,PARAMETROS!$A$3:$B$11,2,FALSE()),0),IFERROR(VLOOKUP(D14,PARAMETROS!$A$3:$B$11,2,FALSE()),0),IFERROR(VLOOKUP(E14,PARAMETROS!$A$3:$B$11,2,FALSE()),0),IFERROR(VLOOKUP(F14,PARAMETROS!$A$3:$B$11,2,FALSE()),0),IFERROR(VLOOKUP(G14,PARAMETROS!$A$3:$B$11,2,FALSE()),0),IFERROR(VLOOKUP(H14,PARAMETROS!$A$3:$B$11,2,FALSE()),0),IFERROR(VLOOKUP(I14,PARAMETROS!$A$3:$B$11,2,FALSE()),0),IFERROR(VLOOKUP(J14,PARAMETROS!$A$3:$B$11,2,FALSE()),0),IFERROR(VLOOKUP(K14,PARAMETROS!$A$3:$B$11,2,FALSE()),0),IFERROR(VLOOKUP(L14,PARAMETROS!$A$3:$B$11,2,FALSE()),0),IFERROR(VLOOKUP(M14,PARAMETROS!$A$3:$B$11,2,FALSE()),0),IFERROR(VLOOKUP(N14,PARAMETROS!$A$3:$B$11,2,FALSE()),0))) -> — | Q14: =IF(COUNTA(C14:N14)=0,"—",(AVERAGE(IFERROR(VLOOKUP(L14,PARAMETROS!$A$3:$B$11,2,0),0),IFERROR(VLOOKUP(M14,PARAMETROS!$A$3:$B$11,2,0),0),IFERROR(VLOOKUP(N14,PARAMETROS!$A$3:$B$11,2,0),0))/MAX(1,AVERAGE(IFERROR(VLOOKUP(C14,PARAMETROS!$A$3:$B$11,2,0),0),IFERROR(VLOOKUP(D14,PARAMETROS!$A$3:$B$11,2,0),0),IFERROR(VLOOKUP(E14,PARAMETROS!$A$3:$B$11,2,0),0)))*50+50)) -> —
B16: CÁLCULO DE SCORE GLOBAL CREDITICIO (Modelo Híbrido)
B17: Score Peor Marca Dominante (peso 40%) | O17: =IFERROR(VLOOKUP(MAX(O5:O14),PARAMETROS!$A$3:$B$11,2,FALSE()),0) -> 0
B18: Score Promedio Ponderado por Productos (peso 35%) | O18: =IFERROR(AVERAGE(P5:P6),0) -> 97.5
B19: Score de Tendencia (últimos 3 vs primeros 3) (peso 25%) | O19: =IFERROR(AVERAGE(Q5:Q6),0) -> 101.78571
B21: 🏆 SCORE GLOBAL CREDITICIO | O21: =O17*0.4 + O18*0.35 + O19*0.25 -> 59.571429
B22: Clasificación | O22: =IF(O21>=85,"✅ Excelente — Aprobado",IF(O21>=70,"👍 Bueno — Aprobado con condiciones",IF(O21>=50,"⚠️ Regular — Revisión requerida","❌ Riesgo Alto — No recomendado"))) -> ⚠️ Regular — Revisión requerida
B24: LEYENDA DE MARCAS APC
B25: Marca 1 | C25: Al día — Excelente | H25: #2D6A4F
B26: Marca 2 | C26: 1-30 días — Bueno | H26: #52B788
B27: Marca 3 | C27: 31-60 días — Regular | H27: #C9A84C
B28: Marca 4 | C28: 61-90 días — Deficiente | H28: #E07B39
B29: Marca 5 | C29: 91-120 días — Malo | H29: #C1440E
B30: Marca 6 | C30: 121-150 días — Muy Malo | H30: #9B2226
B31: Marca 7 | C31: 151-180 días — Crítico | H31: #6A0000
B32: Marca 8 | C32: +180 días / Judicial — Pésimo | H32: #3A0000
B33: Marca 9 | C33: Pérdida / Castigo — Sin Score | H33: #1A0000

Sheet Análisis General
B1: ANÁLISIS GENERAL — CAPACIDAD LEGAL Y SEGURO DE PRÉSTAMO
B2: Todos los valores se vinculan automáticamente desde la hoja 'Datos'
B4: RESUMEN DEL CLIENTE | F4: SCORE GLOBAL CREDITICIO
B5: Nombre | C5: =Datos!C5 -> Raul Cores | F5: Score Final | G5: ='Historial Crediticio'!O21 -> 59.571429
B6: Cédula | C6: =Datos!C7 -> 0-0-0 | F6: Clasificación | G6: ='Historial Crediticio'!O22 -> ⚠️ Regular — Revisión requerida
B7: Empresa | C7: =Datos!C10 -> ABCDE
B8: Sector Económico | C8: =Datos!C11 -> 43431 | F8: 🛡️ SEGURO DE PRÉSTAMO
F9: Monto Solicitado (B/.) | G9: 10000
B10: CAPACIDAD LEGAL CREDITICIA | F10: Plazo (meses) | G10: 60
B11: Ingreso Bruto Mensual | C11: =Datos!C18 -> 3000 | F11: Tasa Anual de Seguro | G11: 0.002
B12: Total Deducciones | C12: =Datos!C30 -> 2013
B13: Ingreso Neto Mensual | C13: =Datos!C31 -> 987 | F13: Prima Mensual Calculada | G13: =G9*G11/12 -> 1.6666667
B14: Capacidad (75% Ahorros) | C14: =Datos!I17 -> 237 | F14: Prima a 2 años | G14: =G9*G11/12*24 -> 40
B15: Capacidad (35% Préstamo) | C15: =Datos!I18 -> 850 | F15: Prima Total (cancelación) | G15: =G9*G11/12*G10 -> 100
F16: Monto Total Asegurado | G16: =G9 -> 10000
B19: Total General de producto consumidos
B20: {=_xlfn.UNIQUE(_xlfn._xlws.FILTER(Datos!B19:B29,Datos!B19:B29<>""))} -> ISR | C20: =SUMIF(Datos!B19:B29,'Análisis General'!B20,Datos!C19:C25) -> 450
B21: ISS (Caja de Seguro) | C21: =SUMIF(Datos!B20:B30,'Análisis General'!B21,Datos!C20:C26) -> 292.5
B22: ISE (Seguro Educativo) | C22: =SUMIF(Datos!B21:B31,'Análisis General'!B22,Datos!C21:C27) -> 37.5
B23: Ahorro | C23: =SUMIF(Datos!B22:B32,'Análisis General'!B23,Datos!C22:C28) -> 1033
B24: Préstamo | C24: =SUMIF(Datos!B23:B33,'Análisis General'!B24,Datos!C23:C29) -> 200

Sheet PARAMETROS
A1: TABLA DE CONVERSIÓN: MARCA APC → SCORE (0-100)
A2: Marca APC | B2: Score | C2: Días Atraso | D2: Descripción
A3: 1 | B3: 100 | C3: 0 días | D3: Al día — Excelente
A4: 2 | B4: 80 | C4: 1-30 días | D4: Leve atraso — Bueno
A5: 3 | B5: 60 | C5: 31-60 días | D5: Moderado — Regular
A6: 4 | B6: 40 | C6: 61-90 días | D6: Deficiente
A7: 5 | B7: 25 | C7: 91-120 días | D7: Malo
A8: 6 | B8: 15 | C8: 121-150 días | D8: Muy Malo
A9: 7 | B9: 8 | C9: 151-180 días | D9: Crítico
A10: 8 | B10: 3 | C10: +180 días | D10: Cobro Judicial — Pésimo
A11: 9 | B11: 0 | C11: Castigo | D11: Pérdida / Sin Score
A13: PESOS DEL MODELO HÍBRIDO
A14: Peor Marca Dominante | B14: 0.4 | C14: Penaliza duramente marcas 8 y 9
A15: Score Promedio Ponderado | B15: 0.35 | C15: Promedio de score de los 12 meses
A16: Tendencia / Comportamiento | B16: 0.25 | C16: Últimos 3 meses vs primeros 3
